step_name,text,img,text_key_1,type_key_1,text_key_2,type_key_2,text_key_3,type_key_3,text_key_4,type_key_4
small_steps_1,"–ú—ã —Å —Ç–æ–±–æ–π —É–∂–µ –Ω–µ–º–Ω–æ–≥–æ –ø–æ–∑–Ω–∞–∫–æ–º–∏–ª–∏—Å—å, –ø–æ—ç—Ç–æ–º—É –ø—Ä–µ–¥–ª–∞–≥–∞—é –ø–µ—Ä–µ–π—Ç–∏ –∫ –¥–µ–ª—É ‚ò∫Ô∏è –∏—Ç–∞–∫‚Ä¶

–ü–æ—Å–º–æ—Ç—Ä–∏ –≤–∏–¥–µ–æ, —á—Ç–æ–±—ã –º—ã –º–æ–≥–ª–∏ –ø—Ä–æ–¥–æ–ª–∂–∏—Ç—å –¥–∞–ª—å—à–µ (18 –º–∏–Ω): https://youtu.be/692ESRTtxEo?t=48",Images/small_steps_1.jpg,üëçüèº –ü–æ—Å–º–æ—Ç—Ä–µ–ª,,,,,,,
small_steps_2,"–°–û–í–ï–¢ #1. –ù–ê–ß–ù–ò –° –ú–ê–õ–û–ì–û, –ó–ê–¢–ï–ú –°–î–ï–õ–ê–ô –ë–û–õ–¨–®–ï
–ö–æ–≥–¥–∞ —Ç—ã —Ö–æ—á–µ—à—å –Ω–∞—á–∞—Ç—å –∑–∞–Ω–∏–º–∞—Ç—å—Å—è ‚Äî –ª—É—á—à–µ –Ω–∞—á–∞—Ç—å –ø—Ä—è–º–æ —Å–µ–π—á–∞—Å —Å –ø–µ—Ä–≤–æ–≥–æ —à–∞–≥–∞, –∞ –Ω–µ –º–µ—á—Ç–∞—Ç—å –æ –¥–∞–ª–µ–∫–æ–º –ø—É—Ç–∏ –≤ 1000 –∫–º.

‚òùüèª –Ø —Å–µ—Ä—å—ë–∑–Ω–æ. –° —Ñ–∏–∑–∏—á–µ—Å–∫–∏–º–∏ —É–ø—Ä–∞–∂–Ω–µ–Ω–∏—è–º–∏ —ç—Ç–æ –æ–∑–Ω–∞—á–∞–µ—Ç, —á—Ç–æ –ª—É—á—à–µ –æ—Ç–∂–∏–º–∞—Ç—å—Å—è –≤—Å–µ–≥–æ –æ–¥–∏–Ω —Ä–∞–∑, —á–µ–º –ü–õ–ê–ù–ò–†–û–í–ê–¢–¨ —Ö–æ–¥–∏—Ç—å –≤ —Å–ø–æ—Ä—Ç–∑–∞–ª —Å —Ç—Ä–µ–Ω–µ—Ä–æ–º 3 —Ä–∞–∑–∞ –≤ –Ω–µ–¥–µ–ª—é‚Ä¶ –∏ –ù–ò–ö–û–ì–î–ê –Ω–µ –Ω–∞—á–∞—Ç—å.
–°–µ–≥–æ–¥–Ω—è —Ç—ã –º–æ–∂–µ—à—å –Ω–∞—á–∞—Ç—å —Å —Ç–æ–≥–æ, —á—Ç–æ–±—ã –≤—ã—É—á–∏—Ç—å 10 —Å–ª–æ–≤, –∞ –Ω–∞ —Å–ª–µ–¥—É—é—â–∏–π –¥–µ–Ω—å 11 –∏ —Ç–∞–∫ –¥–∞–ª–µ–µ.",,üëçüèº –í–µ—Ä–Ω–æ,,üëéüèª –ù–µ –≤–µ—Ä–Ω–æ,,,,,
small_steps_3,"üëâ –°–î–ï–õ–ê–ô –ü–†–Ø–ú–û –°–ï–ô–ß–ê–°:
–û–ø—Ä–µ–¥–µ–ª–∏ –ø–ª–∞–Ω –º–∏–Ω–∏–º—É–º (–∫–∞–∫ –æ—Ç–∂–∞—Ç—å—Å—è –æ–¥–∏–Ω —Ä–∞–∑). –¢–æ, —á—Ç–æ —Ç—ã –±—É–¥–µ—à—å –¥–µ–ª–∞—Ç—å –∫–∞–∂–¥—ã–π –¥–µ–Ω—å –¥–ª—è –∏–∑—É—á–µ–Ω–∏—è –ê–Ω–≥–ª–∏–π—Å–∫–æ–≥–æ.

–¢—ã –º–æ–∂–µ—à—å –∑–∞–Ω–∏–º–∞—Ç—å—Å—è –∞–Ω–≥–ª–∏–π—Å–∫–∏–º –∏ –ø–æ 4 —á–∞—Å–∞ –≤ –¥–µ–Ω—å, –Ω–æ —è –ø—Ä–æ—à—É —Ç–µ–±—è –æ–ø—Ä–µ–¥–µ–ª–∏—Ç—å —Å–≤–æ–π ‚Äú–ø–ª–∞–Ω –º–∏–Ω–∏–º—É–º‚Äù. –¢—ã –≤—ã–ø–æ–ª–Ω–∏—à—å –µ–≥–æ –≤ –ª—é–±–æ–º —Å–ª—É—á–∞–µ, –¥–∞–∂–µ –µ—Å–ª–∏ –Ω–∞—á–Ω—ë—Ç—Å—è –≤—Ç–æ—Ä–∂–µ–Ω–∏–µ –∏–Ω–æ–ø–ª–∞–Ω–µ—Ç—è–Ω –∏–ª–∏ —Ç–≤–æ—è –º–æ—Ä—Å–∫–∞—è —Å–≤–∏–Ω–∫–∞ –∑–∞–±–æ–ª–µ–µ—Ç –∫–æ—Ä–æ–Ω–∞ üëë –≤–∏—Ä—É—Å–æ–º üêπ

–ù–∞–ø—Ä–∏–º–µ—Ä —ç—Ç–æ –º–æ–∂–µ—Ç –±—ã—Ç—å –ø—Ä–æ—Ö–æ–∂–¥–µ–Ω–∏–µ 1 —É—Ä–æ–∫–∞ –≤ –ø—Ä–∏–ª–æ–∂–µ–Ω–∏–∏ Duolingo. (–≠—Ç–æ –≤—Å–µ–≥–æ 2-5 –º–∏–Ω—É—Ç).

–°—Å—ã–ª–∫–∏ –Ω–∞ Duolingo: <a href=""https://apps.apple.com/ru/app/duolingo/id570060128"">iOS</a> / <a href=""https://play.google.com/store/apps/details?id=com.duolingo&hl=ru"">Android</a>

–í–¥–æ—Ö–Ω–æ–≤–ª—è–π—Å—è –∏–¥–µ—è–º–∏ –¥—Ä—É–≥–∏—Ö —É—á–∞—Å—Ç–Ω–∏–∫–æ–≤ –º–∞—Ä–∞—Ñ–æ–Ω–∞ (https://vk.com/topic-83727735_40908367) –∏ –æ–±—è–∑–∞—Ç–µ–ª—å–Ω–æ –Ω–∞–ø–∏—à–∏ —á—Ç–æ –ø—Ä–∏–¥—É–º–∞–ª –¥–ª—è —Å–µ–±—è.

–°–∫–æ—Ä–µ–π –≤—ã–ø–æ–ª–Ω—è–π –∑–∞–¥–∞–Ω–∏–µ –∏ –Ω–∞–∂–∏–º–∞–π –∫–Ω–æ–ø–∫—É —Å–¥–µ–ª–∞–ª. –£ –Ω–∞—Å –Ω–µ —Å—Ç–∞–≤—è—Ç –¥–≤–æ–π–∫–∏ –∏ –Ω–µ –≤—ã–∑—ã–≤–∞—é—Ç —Ä–æ–¥–∏—Ç–µ–ª–µ–π –≤ —à–∫–æ–ª—É, –Ω–æ —è –±—É–¥—É –∞–Ω–∞–ª–∏–∑–∏—Ä–æ–≤–∞—Ç—å —Ç–≤–æ—é —É—Å–ø–µ–≤–∞–µ–º–æ—Å—Ç—å, —á—Ç–æ–±—ã –ø–æ–¥—Å—Ç—Ä–∞–∏–≤–∞—Ç—å —Å–ª–æ–∂–Ω–æ—Å—Ç—å –º–∞—Ä–∞—Ñ–æ–Ω–∞ –ø–æ–¥ —Ç–≤–æ—é —Å–∫–æ—Ä–æ—Å—Ç—å –ø—Ä–æ–¥–≤–∏–∂–µ–Ω–∏—è. ",,üëçüèº–°–¥–µ–ª–∞–ª,,üëéüèª–ù–µ —Ö–æ—á—É –¥–µ–ª–∞—Ç—å,,,,,
small_steps_4,"‚úÖDone: –ï–∂–µ–¥–Ω–µ–≤–Ω–æ–µ –∑–∞–¥–∞–Ω–∏–µ –º–∞—Ä–∞—Ñ–æ–Ω–∞, –ø–æ —Ñ–æ—Ä–º–∏—Ä–æ–≤–∞–Ω–∏—é –ø—Ä–∏–≤—ã—á–∫–∏

–ê —Ç–µ–ø–µ—Ä—å –ø—Ä–∏—Å—Ç—É–ø–∞–π –∫ –ª—é–±–æ–º—É –∑–∞–Ω—è—Ç–∏—é –ø–æ –∏–∑—É—á–µ–Ω–∏—é –∞–Ω–≥–ª–∏–π—Å–∫–æ–≥–æ –Ω–∞ —Å–≤–æ–π –≤—ã–±–æ—Ä. –ò—Å–ø–æ–ª—å–∑—É–π —Å–ø–µ—Ü–∏–∞–ª—å–Ω—ã–µ –º–æ–±–∏–ª—å–Ω—ã–µ –ø—Ä–∏–ª–æ–∂–µ–Ω–∏—è –∏–ª–∏ –ø—Ä–æ—Å—Ç–æ –ø–æ—Å–º–æ—Ç—Ä–∏ –≤–∏–¥–µ–æ –Ω–∞ –∞–Ω–≥–ª–∏–π—Å–∫–æ–º —è–∑—ã–∫–µ –≤ youtube. –°–µ–π—á–∞—Å –≤–∞–∂–Ω–æ –Ω–µ –∫–∞—á–µ—Å—Ç–≤–æ —É—Ä–æ–∫–∞, –∞ –µ–≥–æ —Ä–µ–≥—É–ª—è—Ä–Ω–æ—Å—Ç—å —á—Ç–æ–±—ã —Å–æ–∑–¥–∞—Ç—å –Ω–µ–π—Ä–æ–Ω–Ω—É—é —Å–≤—è–∑—å –≤ —Ç–≤–æ—ë–º –º–æ–∑–≥–µ –∏ –ø–æ—Å—Ç–µ–ø–µ–Ω–Ω–æ —Å—Ñ–æ—Ä–º–∏—Ä–æ–≤–∞—Ç—å –ø—Ä–∏–≤—ã—á–∫—É. ",Images/small_steps_4.jpg,üëçüèº–°–¥–µ–ª–∞–ª,,üëéüèª–ù–µ —Ö–æ—á—É –¥–µ–ª–∞—Ç—å,,,,,
small_steps_5,"‚úÖDone: –ï–∂–µ–¥–Ω–µ–≤–Ω–æ–µ –∑–∞–Ω—è—Ç–∏–µ –∞–Ω–≥–ª–∏–π—Å–∫–∏–º

–ü–æ–∑–¥—Ä–∞–≤–ª—è—é, —Ç—ã –≤ —É–¥–∞—Ä–µ! –°–µ–≥–æ–¥–Ω—è —Ç—ã –≤—ã–ø–æ–ª–Ω–∏–ª 100% –µ–∂–µ–¥–Ω–µ–≤–Ω–æ–≥–æ –ø–ª–∞–Ω–∞.

–õ–æ–≤–∏ –æ—Ç –º–µ–Ω—è –ø–æ–¥–∞—Ä–æ–∫ –∑–∞ —ç—Ç–æ.

<b>–ò–ù–°–¢–†–£–ú–ï–ù–¢ –î–ù–Ø.</b> –î–ª—è —á—Ç–µ–Ω–∏—è —Å–∞–π—Ç–æ–≤ –Ω–∞ –∞–Ω–≥–ª–∏–π—Å–∫–æ–º —è–∑—ã–∫–µ —É–¥–æ–±–Ω–æ –∏—Å–ø–æ–ª—å–∑–æ–≤–∞—Ç—å —Ä–∞—Å—à–∏—Ä–µ–Ω–∏—è –¥–ª—è –±—Ä–∞—É–∑–µ—Ä–∞, –∫–æ—Ç–æ—Ä—ã–µ –≤ –æ–¥–∏–Ω –∫–ª–∏–∫ –ø–æ–∑–≤–æ–ª—è—é—Ç –ø–µ—Ä–µ–≤–æ–¥–∏—Ç—å –Ω–µ–∑–Ω–∞–∫–æ–º—ã–µ —Å–ª–æ–≤–∞ –∏–ª–∏ –¥–∞–∂–µ —Ü–µ–ª—ã–µ –≤—ã—Ä–∞–∂–µ–Ω–∏—è. –†–∞—Å—à–∏—Ä–µ–Ω–∏—è –¥–ª—è –ì—É–≥–ª —Ö—Ä–æ–º: <a href=""https://chrome.google.com/webstore/detail/google-translate/aapbdbdomjkkjkaonfhkkikfgjllcleb"">Google –ü–µ—Ä–µ–≤–æ–¥—á–∏–∫</a>, <a href=""https://chrome.google.com/webstore/detail/imtranslator-translator-d/noaijdpnepcgjemiklgfkcfbkokogabh"">ImTranslator<</a>.

üòâ –î–æ –≤—Å—Ç—Ä–µ—á–∏ –∑–∞–≤—Ç—Ä–∞ –Ω–∞ –Ω–æ–≤–æ–º –¥–Ω–µ –º–∞—Ä–∞—Ñ–æ–Ω–∞",,,,,,,,,